<?xml version="1.0"?>
<opencv_storage>
<cascade>
  <stageType>BOOST</stageType>
  <featureType>HAAR</featureType>
  <height>24</height>
  <width>24</width>
  <stageParams>
    <boostType>GAB</boostType>
    <minHitRate>9.9500000476837158e-01</minHitRate>
    <maxFalseAlarm>5.0000000000000000e-01</maxFalseAlarm>
    <weightTrimRate>9.4999999999999996e-01</weightTrimRate>
    <maxDepth>1</maxDepth>
    <maxWeakCount>100</maxWeakCount></stageParams>
  <featureParams>
    <maxCatCount>0</maxCatCount>
    <featSize>1</featSize>
    <mode>BASIC</mode></featureParams>
  <stageNum>10</stageNum>
  <stages>
    <!-- stage 0 -->
    <_>
      <maxWeakCount>4</maxWeakCount>
      <stageThreshold>-2.2976498603820801e+00</stageThreshold>
      <weakClassifiers>
        <_>
          <internalNodes>
            0 -1 11 -4.1459254920482635e-02</internalNodes>
          <leafValues>
            -5.3846156597137451e-01 -9.7368419170379639e-01</leafValues></_>
        <_>
          <internalNodes>
            0 -1 4 -1.6880327835679054e-02</internalNodes>
          <leafValues>
            1.1253256350755692e-01 -8.7132990360260010e-01</leafValues></_>
        <_>
          <internalNodes>
            0 -1 13 3.7405474577099085e-03</internalNodes>
          <leafValues>
            -7.5419139862060547e-01 2.2888493537902832e-01</leafValues></_>
        <_>
          <internalNodes>
            0 -1 37 -9.4374865293502808e-03</internalNodes>
          <leafValues>
            3.0155557394027710e-01 -8.5511106252670288e-01</leafValues></_></weakClassifiers></_>
    <!-- stage 1 -->
    <_>
      <maxWeakCount>5</maxWeakCount>
      <stageThreshold>-1.8741512298583984e+00</stageThreshold>
      <weakClassifiers>
        <_>
          <internalNodes>
            0 -1 39 1.5075912699103355e-02</internalNodes>
          <leafValues>
            -9.4647204875946045e-01 1.</leafValues></_>
        <_>
          <internalNodes>
            0 -1 10 -1.1283028870820999e-02</internalNodes>
          <leafValues>
            -8.6638349294662476e-01 -4.1024152189493179e-02</leafValues></_>
        <_>
          <internalNodes>
            0 -1 6 -1.1709030717611313e-02</internalNodes>
          <leafValues>
            1.8459951877593994e-01 -7.7606868743896484e-01</leafValues></_>
        <_>
          <internalNodes>
            0 -1 46 -6.6478610970079899e-03</internalNodes>
          <leafValues>
            4.5429596304893494e-01 -5.5747181177139282e-01</leafValues></_>
        <_>
          <internalNodes>
            0 -1 48 -3.8127643056213856e-03</internalNodes>
          <leafValues>
            4.9387881159782410e-01 -5.1378273963928223e-01</leafValues></_></weakClassifiers></_>
    <!-- stage 2 -->
    <_>
      <maxWeakCount>3</maxWeakCount>
      <stageThreshold>-2.0322885513305664e+00</stageThreshold>
      <weakClassifiers>
        <_>
          <internalNodes>
            0 -1 22 -1.9760532304644585e-02</internalNodes>
          <leafValues>
            -4.7999998927116394e-01 -9.5375001430511475e-01</leafValues></_>
        <_>
          <internalNodes>
            0 -1 1 -2.6196667924523354e-02</internalNodes>
          <leafValues>
            -2.6317742466926575e-01 -8.7666022777557373e-01</leafValues></_>
        <_>
          <internalNodes>
            0 -1 35 -7.8087940812110901e-02</internalNodes>
          <leafValues>
            1.7065578699111938e-01 -6.7562836408615112e-01</leafValues></_></weakClassifiers></_>
    <!-- stage 3 -->
    <_>
      <maxWeakCount>5</maxWeakCount>
      <stageThreshold>-2.1249885559082031e+00</stageThreshold>
      <weakClassifiers>
        <_>
          <internalNodes>
            0 -1 19 1.7090822756290436e-01</internalNodes>
          <leafValues>
            -9.4637417793273926e-01 3.3333334326744080e-01</leafValues></_>
        <_>
          <internalNodes>
            0 -1 0 -4.0369283407926559e-02</internalNodes>
          <leafValues>
            -1.4342737197875977e-01 -8.8669508695602417e-01</leafValues></_>
        <_>
          <internalNodes>
            0 -1 7 -3.8654260337352753e-02</internalNodes>
          <leafValues>
            -6.4620774984359741e-01 2.2985479235649109e-01</leafValues></_>
        <_>
          <internalNodes>
            0 -1 3 -4.1222327947616577e-01</internalNodes>
          <leafValues>
            1.5371404588222504e-01 -1.</leafValues></_>
        <_>
          <internalNodes>
            0 -1 21 -8.2512386143207550e-03</internalNodes>
          <leafValues>
            -9.5122814178466797e-01 2.0057442784309387e-01</leafValues></_></weakClassifiers></_>
    <!-- stage 4 -->
    <_>
      <maxWeakCount>5</maxWeakCount>
      <stageThreshold>-2.5004241466522217e+00</stageThreshold>
      <weakClassifiers>
        <_>
          <internalNodes>
            0 -1 2 3.6200353503227234e-01</internalNodes>
          <leafValues>
            -9.4410693645477295e-01 1.</leafValues></_>
        <_>
          <internalNodes>
            0 -1 12 8.7193977087736130e-03</internalNodes>
          <leafValues>
            -8.9065545797348022e-01 -9.5735210925340652e-03</leafValues></_>
        <_>
          <internalNodes>
            0 -1 8 1.6180912032723427e-02</internalNodes>
          <leafValues>
            -7.1919316053390503e-01 2.0614059269428253e-01</leafValues></_>
        <_>
          <internalNodes>
            0 -1 30 -1.1879310011863708e-01</internalNodes>
          <leafValues>
            -4.6740114688873291e-01 4.5545238256454468e-01</leafValues></_>
        <_>
          <internalNodes>
            0 -1 5 -1.5202147886157036e-02</internalNodes>
          <leafValues>
            5.2085077762603760e-01 -4.0192085504531860e-01</leafValues></_></weakClassifiers></_>
    <!-- stage 5 -->
    <_>
      <maxWeakCount>6</maxWeakCount>
      <stageThreshold>-2.1915214061737061e+00</stageThreshold>
      <weakClassifiers>
        <_>
          <internalNodes>
            0 -1 41 6.5569609403610229e-02</internalNodes>
          <leafValues>
            -9.4528877735137939e-01 1.</leafValues></_>
        <_>
          <internalNodes>
            0 -1 17 -1.5868902206420898e-02</internalNodes>
          <leafValues>
            3.0851852893829346e-01 -7.7872747182846069e-01</leafValues></_>
        <_>
          <internalNodes>
            0 -1 14 2.1528997458517551e-03</internalNodes>
          <leafValues>
            -5.7820159196853638e-01 3.6208629608154297e-01</leafValues></_>
        <_>
          <internalNodes>
            0 -1 25 8.1640487769618630e-04</internalNodes>
          <leafValues>
            1.5894377231597900e-01 -9.6566861867904663e-01</leafValues></_>
        <_>
          <internalNodes>
            0 -1 45 -9.0296883136034012e-03</internalNodes>
          <leafValues>
            6.6413807868957520e-01 -2.9806229472160339e-01</leafValues></_>
        <_>
          <internalNodes>
            0 -1 38 6.2479684129357338e-03</internalNodes>
          <leafValues>
            2.4981492757797241e-01 -8.5132730007171631e-01</leafValues></_></weakClassifiers></_>
    <!-- stage 6 -->
    <_>
      <maxWeakCount>4</maxWeakCount>
      <stageThreshold>-1.9944580793380737e+00</stageThreshold>
      <weakClassifiers>
        <_>
          <internalNodes>
            0 -1 15 -1.2612177990376949e-02</internalNodes>
          <leafValues>
            -4.7619048506021500e-02 -9.5089012384414673e-01</leafValues></_>
        <_>
          <internalNodes>
            0 -1 24 -1.4340605586767197e-02</internalNodes>
          <leafValues>
            2.7364617586135864e-01 -7.9081988334655762e-01</leafValues></_>
        <_>
          <internalNodes>
            0 -1 44 1.7850654199719429e-02</internalNodes>
          <leafValues>
            -5.3846859931945801e-01 4.6467593312263489e-01</leafValues></_>
        <_>
          <internalNodes>
            0 -1 20 -9.0507976710796356e-03</internalNodes>
          <leafValues>
            3.5024642944335938e-01 -6.1755055189132690e-01</leafValues></_></weakClassifiers></_>
    <!-- stage 7 -->
    <_>
      <maxWeakCount>5</maxWeakCount>
      <stageThreshold>-1.9756834506988525e+00</stageThreshold>
      <weakClassifiers>
        <_>
          <internalNodes>
            0 -1 18 -5.6827370077371597e-02</internalNodes>
          <leafValues>
            1. -9.4292652606964111e-01</leafValues></_>
        <_>
          <internalNodes>
            0 -1 36 3.5736551508307457e-03</internalNodes>
          <leafValues>
            -8.7704789638519287e-01 -3.5010954737663269e-01</leafValues></_>
        <_>
          <internalNodes>
            0 -1 47 -4.7613442875444889e-03</internalNodes>
          <leafValues>
            3.2940408587455750e-01 -5.0204747915267944e-01</leafValues></_>
        <_>
          <internalNodes>
            0 -1 28 -8.8954955339431763e-02</internalNodes>
          <leafValues>
            -1. 1.4237204194068909e-01</leafValues></_>
        <_>
          <internalNodes>
            0 -1 29 -3.3732526935636997e-03</internalNodes>
          <leafValues>
            -7.9507315158843994e-01 2.0396643877029419e-01</leafValues></_></weakClassifiers></_>
    <!-- stage 8 -->
    <_>
      <maxWeakCount>7</maxWeakCount>
      <stageThreshold>-1.9798153638839722e+00</stageThreshold>
      <weakClassifiers>
        <_>
          <internalNodes>
            0 -1 40 3.2036090269684792e-03</internalNodes>
          <leafValues>
            -9.4525545835494995e-01 6.6666668653488159e-01</leafValues></_>
        <_>
          <internalNodes>
            0 -1 16 -8.5249826312065125e-02</internalNodes>
          <leafValues>
            3.9093235135078430e-01 -7.3706775903701782e-01</leafValues></_>
        <_>
          <internalNodes>
            0 -1 27 4.1300173848867416e-02</internalNodes>
          <leafValues>
            6.2334172427654266e-02 -9.8287379741668701e-01</leafValues></_>
        <_>
          <internalNodes>
            0 -1 5 -1.5185954049229622e-02</internalNodes>
          <leafValues>
            4.0592706203460693e-01 -4.8852670192718506e-01</leafValues></_>
        <_>
          <internalNodes>
            0 -1 32 1.7201120499521494e-03</internalNodes>
          <leafValues>
            2.6887482404708862e-01 -8.3277940750122070e-01</leafValues></_>
        <_>
          <internalNodes>
            0 -1 9 -9.2655764892697334e-03</internalNodes>
          <leafValues>
            -4.1363263130187988e-01 4.7964298725128174e-01</leafValues></_>
        <_>
          <internalNodes>
            0 -1 43 -3.3156122080981731e-03</internalNodes>
          <leafValues>
            4.8065871000289917e-01 -3.9330092072486877e-01</leafValues></_></weakClassifiers></_>
    <!-- stage 9 -->
    <_>
      <maxWeakCount>7</maxWeakCount>
      <stageThreshold>-2.4393270015716553e+00</stageThreshold>
      <weakClassifiers>
        <_>
          <internalNodes>
            0 -1 23 1.7079971730709076e-01</internalNodes>
          <leafValues>
            -9.4410693645477295e-01 1.</leafValues></_>
        <_>
          <internalNodes>
            0 -1 31 -2.5775349140167236e-01</internalNodes>
          <leafValues>
            2.5568532943725586e-01 -7.4724382162094116e-01</leafValues></_>
        <_>
          <internalNodes>
            0 -1 33 -2.6730091776698828e-03</internalNodes>
          <leafValues>
            1.3924868404865265e-01 -6.6671991348266602e-01</leafValues></_>
        <_>
          <internalNodes>
            0 -1 26 -1.2210848741233349e-02</internalNodes>
          <leafValues>
            7.1280753612518311e-01 -2.4947881698608398e-01</leafValues></_>
        <_>
          <internalNodes>
            0 -1 42 -8.9947272499557585e-05</internalNodes>
          <leafValues>
            -6.4656585454940796e-01 2.7743589878082275e-01</leafValues></_>
        <_>
          <internalNodes>
            0 -1 49 -1.4811856672167778e-03</internalNodes>
          <leafValues>
            4.8451933264732361e-01 -3.2159104943275452e-01</leafValues></_>
        <_>
          <internalNodes>
            0 -1 34 -7.4285892769694328e-03</internalNodes>
          <leafValues>
            -7.9265850782394409e-01 2.1237748861312866e-01</leafValues></_></weakClassifiers></_></stages>
  <features>
    <_>
      <rects>
        <_>
          0 0 2 10 -1.</_>
        <_>
          0 5 2 5 2.</_></rects>
      <tilted>0</tilted></_>
    <_>
      <rects>
        <_>
          0 0 4 24 -1.</_>
        <_>
          0 0 2 12 2.</_>
        <_>
          2 12 2 12 2.</_></rects>
      <tilted>0</tilted></_>
    <_>
      <rects>
        <_>
          0 0 12 16 -1.</_>
        <_>
          6 0 6 16 2.</_></rects>
      <tilted>0</tilted></_>
    <_>
      <rects>
        <_>
          0 0 14 18 -1.</_>
        <_>
          0 6 14 6 2.</_></rects>
      <tilted>0</tilted></_>
    <_>
      <rects>
        <_>
          0 1 1 8 -1.</_>
        <_>
          0 5 1 4 2.</_></rects>
      <tilted>0</tilted></_>
    <_>
      <rects>
        <_>
          0 2 1 8 -1.</_>
        <_>
          0 6 1 4 2.</_></rects>
      <tilted>0</tilted></_>
    <_>
      <rects>
        <_>
          0 2 2 6 -1.</_>
        <_>
          0 5 2 3 2.</_></rects>
      <tilted>0</tilted></_>
    <_>
      <rects>
        <_>
          0 4 2 18 -1.</_>
        <_>
          0 10 2 6 2.</_></rects>
      <tilted>0</tilted></_>
    <_>
      <rects>
        <_>
          0 4 4 7 -1.</_>
        <_>
          2 4 2 7 2.</_></rects>
      <tilted>0</tilted></_>
    <_>
      <rects>
        <_>
          0 5 1 15 -1.</_>
        <_>
          0 10 1 5 2.</_></rects>
      <tilted>0</tilted></_>
    <_>
      <rects>
        <_>
          0 5 1 18 -1.</_>
        <_>
          0 11 1 6 2.</_></rects>
      <tilted>0</tilted></_>
    <_>
      <rects>
        <_>
          0 5 6 12 -1.</_>
        <_>
          0 5 3 6 2.</_>
        <_>
          3 11 3 6 2.</_></rects>
      <tilted>0</tilted></_>
    <_>
      <rects>
        <_>
          0 6 1 8 -1.</_>
        <_>
          0 10 1 4 2.</_></rects>
      <tilted>0</tilted></_>
    <_>
      <rects>
        <_>
          0 6 4 2 -1.</_>
        <_>
          2 6 2 2 2.</_></rects>
      <tilted>0</tilted></_>
    <_>
      <rects>
        <_>
          0 9 2 2 -1.</_>
        <_>
          0 10 2 1 2.</_></rects>
      <tilted>0</tilted></_>
    <_>
      <rects>
        <_>
          0 10 2 6 -1.</_>
        <_>
          0 13 2 3 2.</_></rects>
      <tilted>0</tilted></_>
    <_>
      <rects>
        <_>
          0 20 24 4 -1.</_>
        <_>
          0 22 24 2 2.</_></rects>
      <tilted>0</tilted></_>
    <_>
      <rects>
        <_>
          0 21 21 2 -1.</_>
        <_>
          0 22 21 1 2.</_></rects>
      <tilted>0</tilted></_>
    <_>
      <rects>
        <_>
          1 2 4 11 -1.</_>
        <_>
          3 2 2 11 2.</_></rects>
      <tilted>0</tilted></_>
    <_>
      <rects>
        <_>
          1 4 12 7 -1.</_>
        <_>
          7 4 6 7 2.</_></rects>
      <tilted>0</tilted></_>
    <_>
      <rects>
        <_>
          1 7 10 6 -1.</_>
        <_>
          1 7 5 3 2.</_>
        <_>
          6 10 5 3 2.</_></rects>
      <tilted>0</tilted></_>
    <_>
      <rects>
        <_>
          1 9 1 3 -1.</_>
        <_>
          1 10 1 1 2.</_></rects>
      <tilted>0</tilted></_>
    <_>
      <rects>
        <_>
          1 21 19 2 -1.</_>
        <_>
          1 22 19 1 2.</_></rects>
      <tilted>0</tilted></_>
    <_>
      <rects>
        <_>
          2 4 10 10 -1.</_>
        <_>
          7 4 5 10 2.</_></rects>
      <tilted>0</tilted></_>
    <_>
      <rects>
        <_>
          2 21 22 2 -1.</_>
        <_>
          2 22 22 1 2.</_></rects>
      <tilted>0</tilted></_>
    <_>
      <rects>
        <_>
          3 18 2 6 -1.</_>
        <_>
          4 18 1 6 2.</_></rects>
      <tilted>0</tilted></_>
    <_>
      <rects>
        <_>
          4 22 20 2 -1.</_>
        <_>
          4 23 20 1 2.</_></rects>
      <tilted>0</tilted></_>
    <_>
      <rects>
        <_>
          6 4 16 18 -1.</_>
        <_>
          6 4 8 9 2.</_>
        <_>
          14 13 8 9 2.</_></rects>
      <tilted>0</tilted></_>
    <_>
      <rects>
        <_>
          6 4 16 20 -1.</_>
        <_>
          14 4 8 20 2.</_></rects>
      <tilted>0</tilted></_>
    <_>
      <rects>
        <_>
          6 10 12 4 -1.</_>
        <_>
          6 10 6 2 2.</_>
        <_>
          12 12 6 2 2.</_></rects>
      <tilted>0</tilted></_>
    <_>
      <rects>
        <_>
          6 14 15 7 -1.</_>
        <_>
          11 14 5 7 2.</_></rects>
      <tilted>0</tilted></_>
    <_>
      <rects>
        <_>
          7 2 7 22 -1.</_>
        <_>
          7 13 7 11 2.</_></rects>
      <tilted>0</tilted></_>
    <_>
      <rects>
        <_>
          7 10 14 2 -1.</_>
        <_>
          7 10 7 1 2.</_>
        <_>
          14 11 7 1 2.</_></rects>
      <tilted>0</tilted></_>
    <_>
      <rects>
        <_>
          8 7 3 4 -1.</_>
        <_>
          8 9 3 2 2.</_></rects>
      <tilted>0</tilted></_>
    <_>
      <rects>
        <_>
          11 2 8 10 -1.</_>
        <_>
          11 2 4 5 2.</_>
        <_>
          15 7 4 5 2.</_></rects>
      <tilted>0</tilted></_>
    <_>
      <rects>
        <_>
          12 5 5 18 -1.</_>
        <_>
          12 14 5 9 2.</_></rects>
      <tilted>0</tilted></_>
    <_>
      <rects>
        <_>
          12 5 12 9 -1.</_>
        <_>
          18 5 6 9 2.</_></rects>
      <tilted>0</tilted></_>
    <_>
      <rects>
        <_>
          12 6 10 4 -1.</_>
        <_>
          12 8 10 2 2.</_></rects>
      <tilted>0</tilted></_>
    <_>
      <rects>
        <_>
          13 5 4 17 -1.</_>
        <_>
          15 5 2 17 2.</_></rects>
      <tilted>0</tilted></_>
    <_>
      <rects>
        <_>
          16 21 6 2 -1.</_>
        <_>
          16 22 6 1 2.</_></rects>
      <tilted>0</tilted></_>
    <_>
      <rects>
        <_>
          16 22 1 2 -1.</_>
        <_>
          16 23 1 1 2.</_></rects>
      <tilted>0</tilted></_>
    <_>
      <rects>
        <_>
          17 20 7 4 -1.</_>
        <_>
          17 22 7 2 2.</_></rects>
      <tilted>0</tilted></_>
    <_>
      <rects>
        <_>
          19 17 2 3 -1.</_>
        <_>
          20 17 1 3 2.</_></rects>
      <tilted>0</tilted></_>
    <_>
      <rects>
        <_>
          20 0 4 14 -1.</_>
        <_>
          20 0 2 7 2.</_>
        <_>
          22 7 2 7 2.</_></rects>
      <tilted>0</tilted></_>
    <_>
      <rects>
        <_>
          20 1 4 22 -1.</_>
        <_>
          20 1 2 11 2.</_>
        <_>
          22 12 2 11 2.</_></rects>
      <tilted>0</tilted></_>
    <_>
      <rects>
        <_>
          20 8 4 4 -1.</_>
        <_>
          22 8 2 4 2.</_></rects>
      <tilted>0</tilted></_>
    <_>
      <rects>
        <_>
          22 14 2 6 -1.</_>
        <_>
          22 17 2 3 2.</_></rects>
      <tilted>0</tilted></_>
    <_>
      <rects>
        <_>
          22 18 2 6 -1.</_>
        <_>
          22 21 2 3 2.</_></rects>
      <tilted>0</tilted></_>
    <_>
      <rects>
        <_>
          23 2 1 6 -1.</_>
        <_>
          23 5 1 3 2.</_></rects>
      <tilted>0</tilted></_>
    <_>
      <rects>
        <_>
          23 12 1 4 -1.</_>
        <_>
          23 14 1 2 2.</_></rects>
      <tilted>0</tilted></_></features></cascade>
</opencv_storage>
